O,D,Ton
1589,459801,13480
1589,459316,8320
1589,459158,233960
1589,459133,22000
1589,459128,10400
1589,459127,3200
1589,459063,9560
1589,460022,30000
1589,459694,3600
1589,459957,3040
1589,459693,3400
1589,459432,3560
1589,459409,3600
1589,459580,54520
1589,459576,3880
1589,459550,2800
1589,459498,10960
1589,459498,1520
1589,458930,2520
1590,459127,17600
1590,459550,31800
1590,459983,3480
1590,458891,3520
1591,459225,3920
1591,459813,2800
1591,459801,13000
1591,459791,4200
1591,459304,2520
1591,459316,20240
1591,459133,25920
1591,459127,2400
1591,459007,8360
1591,459040,17800
1591,459755,7840
1591,459354,10920
1591,459270,34800
1591,459232,2200
1591,459332,3800
1591,459004,8760
1591,460022,48240
1591,459694,7840
1591,459691,2880
1591,459580,3440
1591,459471,3680
1591,459664,10400
1591,459661,2120
1591,459576,6680
1591,459596,33680
1591,459550,8200
1591,459545,7840
1591,459983,3600
1591,459671,13840
1591,459655,10680
1591,459599,29400
1591,459541,18840
1591,458930,16400
1488,459173,3000
1488,459133,131240
1488,459127,5160
1488,459009,90000
1488,460033,3000
1488,459414,44640
1488,459512,12200
1488,459503,14880
1488,459511,43200
1488,459500,17960
1488,459484,3880
1488,459521,5960
1488,459526,14960
1488,458930,2880
1089,459133,14120
1089,459009,3600
1089,459270,3520
1487,459813,35280
1487,459181,2364
1487,459176,69420
1487,459790,3888
1487,459173,47664
1487,459133,15960
1487,459326,4080
1487,460064,17936
1487,458970,17600
1487,459957,20840
1487,459688,28440
1487,459677,29280
1487,459425,2400
1487,459414,2920
1487,459431,30800
1487,459580,13400
1487,459521,8220
1487,459526,16280
1487,459395,8800
1487,459686,18200
1487,459961,11028
1487,458933,12200
1487,458890,61760
1490,459766,6760
1490,459845,3440
1490,459197,13628
1490,459801,51432
1490,458992,3320
1490,459791,62400
1490,459314,29120
1490,459127,163920
1490,459065,10400
1490,459745,5040
1490,459743,3440
1490,459747,3948
1490,459354,2200
1490,459270,18280
1490,460024,26680
1490,458970,37680
1490,459691,48024
1490,459992,3720
1490,459677,5080
1490,459231,3408
1490,459409,5800
1490,459418,3120
1490,459580,306680
1490,459569,3480
1490,459587,16320
1490,459502,3600
1490,459503,40240
1490,459490,10560
1490,459497,45960
1490,459497,34120
1490,459480,11240
1490,459508,19480
1490,459661,26520
1490,459576,16680
1490,459488,3560
1490,459556,3880
1490,459490,14040
1490,459490,292840
1490,459497,92720
1490,459498,196240
1490,459983,11280
1490,458891,21000
1490,458890,3400
1489,459801,14960
1489,459158,4248
1489,459133,59280
1489,459127,176880
1489,459073,800
1489,459009,1600
1489,459270,3280
1489,460022,8360
1489,459992,16360
1489,459711,3390
1489,459408,49528
1489,459419,14160
1489,459414,41520
1489,459580,36240
1489,459475,9080
1489,459474,4360
1489,459484,8120
1489,459490,64400
1489,459498,34200
1489,458930,8760
1489,458891,7740
1087,459787,3920
1087,459801,48546
1087,458987,7840
1087,459313,7800
1087,459133,3800
1087,459127,3640
1087,459741,3600
1087,460015,4040
1087,459711,16200
1087,459414,7880
1087,459413,28203
1087,459580,22632
1087,459569,14256
1087,459475,3800
1087,459484,58227
1087,459655,8360
1087,458948,2544
1087,458937,24980
1588,459832,3560
1497,459791,32360
1497,459127,10120
1497,459040,11520
1497,459004,11400
1497,460036,900
1497,459580,34480
1497,459589,68840
1497,459661,25840
1497,459599,27600
1491,459791,3120
1491,459127,840
1491,459057,3840
1491,459580,1800
1491,459589,920
1492,459791,200
1492,459127,520
1492,459395,3720
1084,459791,520
1084,459127,2040
1084,459580,4240
1084,459589,3320
2590,459270,2520
2590,459004,10800
2590,459589,720
2590,459664,127040
2590,459671,2600
2590,459599,3200
2590,458930,2880
1085,459801,87760
1085,459791,32320
1085,459128,9720
1085,459127,1000
1085,459580,657160
1085,459589,173720
1085,459661,2440
1085,459498,13080
1085,459498,9520
2630,459801,7520
2630,459791,600
2630,460036,3306
2630,459580,1480
2630,459589,1680
2386,459047,3520
2386,459017,2520
2386,459056,7880
2386,460036,6992
2386,460006,7900
2386,459703,5976
2386,459409,4000
2386,459580,15040
2386,459550,4160
2386,459604,4120
2386,458934,2200
2386,458891,2520
2368,459206,3960
2368,459888,3640
2368,459766,6800
2368,459851,4000
2368,459813,3920
2368,459853,3920
2368,459191,12040
2368,459181,61080
2368,459787,65760
2368,459810,32840
2368,459781,4000
2368,459801,40160
2368,459791,7960
2368,459791,28520
2368,459316,12000
2368,460118,7480
2368,459288,3800
2368,460113,4040
2368,460116,25280
2368,459133,18120
2368,459127,3400
2368,459065,3800
2368,459063,17560
2368,459064,7760
2368,459009,9000
2368,459741,51328
2368,459745,4360
2368,459722,19960
2368,459354,7800
2368,459270,9440
2368,459742,20560
2368,459326,39600
2368,459333,4400
2368,459276,8160
2368,460015,7920
2368,459992,36028
2368,459677,7760
2368,459631,3800
2368,459430,920
2368,459231,3720
2368,459409,3200
2368,459411,4200
2368,459580,20928
2368,459569,49716
2368,459587,92040
2368,459461,33200
2368,459502,22068
2368,459470,16200
2368,459661,12800
2368,459550,3840
2368,459521,9640
2368,459260,3960
2368,459958,7600
2368,459983,24280
2368,459979,3920
2368,458964,11560
2368,459987,7880
2368,459655,3960
2368,459599,25760
2368,459637,3960
2368,458933,15760
2368,458930,7840
2368,458934,15800
1086,459845,3560
1086,459176,145840
1086,459787,3160
1086,459810,35240
1086,459801,1176812
1086,459791,930440
1086,459316,27720
1086,459314,4040
1086,459160,2920
1086,459136,309280
1086,459133,29600
1086,459128,561560
1086,459127,510960
1086,459065,1600
1086,459063,3600
1086,459049,4040
1086,459040,56520
1086,459741,3840
1086,459740,11480
1086,459743,7440
1086,459722,3880
1086,459354,3840
1086,459270,96760
1086,459345,18080
1086,459004,3360
1086,460022,1884640
1086,458970,19920
1086,459688,15560
1086,459677,11280
1086,459703,3600
1086,459409,3720
1086,459580,4321720
1086,459512,2240
1086,459470,7840
1086,459503,10440
1086,459490,651560
1086,459497,970240
1086,459497,240
1086,459480,7120
1086,459508,635480
1086,459475,4040
1086,459661,914560
1086,459576,18840
1086,459550,14320
1086,459604,3800
1086,459488,19000
1086,459490,351680
1086,459490,216640
1086,459490,659560
1086,459490,737800
1086,459497,642240
1086,459498,958640
1086,459498,1163400
1086,459502,1377120
1086,459395,920
1086,459983,3200
1086,459686,246960
1086,459655,3840
1086,459599,7680
1086,459626,3880
1086,459637,7640
1086,458891,25720
2371,459203,4080
2371,459176,4400
2371,459801,4120
2371,459791,69440
2371,459316,34800
2371,460118,3680
2371,459314,4320
2371,459158,241520
2371,459127,47640
2371,459049,4000
2371,459047,3800
2371,458990,7472
2371,459735,8520
2371,459741,78080
2371,459723,13160
2371,459747,35240
2371,459345,3520
2371,460022,3400
2371,459691,3080
2371,459957,3560
2371,459693,41520
2371,459677,2560
2371,459231,24320
2371,459580,247920
2371,459490,29360
2371,459480,7600
2371,459508,640
2371,459488,3240
2371,459526,1400
2371,459490,11280
2371,459498,41560
2371,459983,2880
2371,459686,31120
2371,459633,3880
2371,458933,11160
2371,458891,3360
2579,459181,5320
2579,459176,9600
2579,459810,33660
2579,459801,9504
2579,459791,12240
2579,458988,3600
2579,459316,20960
2579,459127,86280
2579,459270,19300
2579,459341,3640
2579,459688,3720
2579,459693,7996
2579,458959,4320
2579,459703,3040
2579,459419,7560
2579,459416,3800
2579,459580,30992
2579,459569,6880
2579,459502,4640
2579,459512,67432
2579,459503,3320
2579,459497,152840
2579,459508,43800
2579,459471,3880
2579,459576,19760
2579,459533,15680
2579,459484,23996
2579,459490,9640
2579,459490,95120
2579,459497,960
2579,459498,347600
2579,459686,16000
2579,458933,3960
2595,459176,3280
2595,459158,75440
2595,459127,6840
2595,459693,32200
2595,459580,3800
2595,459471,4480
2595,459558,6920
2595,459560,3320
2595,458891,3440
1083,459845,2960
1083,459791,3800
1083,459127,880
1083,459580,1400
1083,459503,7836
2388,459801,3720
2388,459791,2520
2388,459133,28400
2388,459127,17960
2388,460022,35200
2388,459688,3200
2388,459580,2680
2388,459503,6240
2388,459480,6600
2388,459664,4000
2388,459661,10720
2388,459983,3120
2388,458896,3800
2392,459200,3680
2392,459845,3920
2392,459853,2320
2392,459832,22600
2392,459152,8200
2392,459810,3840
2392,459801,317867
2392,459791,18000
2392,458987,4400
2392,459316,487260
2392,460118,3680
2392,459314,175660
2392,459314,380359
2392,460116,76770
2392,459149,291634
2392,459133,11240
2392,459127,357364
2392,459063,20680
2392,459049,19000
2392,458990,2440
2392,459054,3800
2392,459735,388374
2392,459741,356194
2392,459743,3720
2392,459723,509759
2392,459747,55641
2392,459270,63272
2392,459742,4040
2392,459345,3960
2392,459349,3960
2392,459322,30384
2392,459337,8640
2392,459333,148686
2392,459332,150182
2392,460033,84270
2392,460011,4280
2392,458970,4080
2392,459691,3680
2392,459992,86884
2392,459957,256732
2392,459693,92008
2392,459677,76880
2392,459631,3720
2392,459711,4080
2392,459419,3760
2392,459231,369453
2392,459409,3888
2392,459411,14760
2392,459416,7200
2392,459580,133725
2392,459405,7440
2392,459502,11332
2392,459512,71402
2392,459503,64600
2392,459480,13040
2392,459475,22600
2392,459661,16200
2392,459576,36680
2392,459550,14680
2392,459545,4280
2392,459544,28000
2392,459488,83520
2392,459487,11960
2392,459525,76000
2392,459490,760
2392,459490,124560
2392,459498,71400
2392,459260,1640
2392,459958,3576
2392,458964,38040
2392,459961,46340
2392,459649,91200
2392,459655,47920
2392,458948,291065
2392,458937,3920
2392,458933,216221
2392,458927,3600
2392,458930,28276
2392,458891,21380
2392,458914,25080
2369,459176,3200
2369,459801,194520
2369,459316,3400
2369,459136,67120
2369,459133,4040
2369,459128,46400
2369,459040,6400
2369,459057,11400
2369,459329,4160
2369,460011,7880
2369,460022,386120
2369,459703,19760
2369,459580,371240
2369,459490,79840
2369,459497,106120
2369,459508,164160
2369,459593,15200
2369,459604,3800
2369,459488,3760
2369,459490,81400
2369,459497,79240
2369,459498,49920
2369,459498,75320
2369,459502,269720
2369,459686,21600
2369,458964,3200
2369,458933,3680
2394,459888,4960
2394,459766,4920
2394,459813,3840
2394,459197,7760
2394,459181,7144
2394,459801,11244
2394,458988,9324
2394,459314,4400
2394,459314,12084
2394,459173,4308
2394,459149,28416
2394,459133,42600
2394,459127,62292
2394,459064,3440
2394,459329,30080
2394,459349,43400
2394,459337,3680
2394,459332,3640
2394,460036,3336
2394,460011,24036
2394,460011,4320
2394,459691,3720
2394,459992,31440
2394,459677,800
2394,459425,2400
2394,459440,30760
2394,459412,7652
2394,459414,5064
2394,459409,6336
2394,459580,155868
2394,459569,7440
2394,459502,10360
2394,459512,2616
2394,459503,19560
2394,459576,4320
2394,459550,7840
2394,459604,3120
2394,459488,8080
2394,459521,6264
2394,459525,125800
2394,459526,14892
2394,458964,4040
2394,459961,47440
2394,459649,57440
2394,458948,119505
2394,458930,21858
2394,458891,9540
2591,459948,7212
2591,459832,3200
2591,459133,3560
2591,459409,3720
2591,459503,4320
2591,459480,2160
2591,459664,11480
2589,459853,4760
2589,459316,2560
2589,459270,7320
2589,459677,2080
2589,459580,3680
2589,459480,2840
2589,459568,2840
2589,459550,2400
2589,459556,3520
2589,459560,4800
2589,459387,2880
2589,459686,3600
2589,459655,15200
1496,459197,11680
1496,459176,2600
1496,459787,19560
1496,459810,3880
1496,459801,3880
1496,459316,15240
1496,460113,3920
1496,459158,8184
1496,459133,15960
1496,459127,2400
1496,459020,7000
1496,459062,3800
1496,459047,10560
1496,459009,7520
1496,459745,3840
1496,459354,3880
1496,459270,1080
1496,459345,4000
1496,459349,3960
1496,459691,3840
1496,459688,3920
1496,459434,7920
1496,459437,3920
1496,459580,28240
1496,459569,7560
1496,459470,12280
1496,459480,7040
1496,459471,3880
1496,459661,18640
1496,459550,7360
1496,459488,3960
1496,459487,3680
1496,459558,7280
1496,459560,3520
1496,459526,8080
1496,459395,2920
1496,459983,3880
1496,458964,4000
1496,459649,3760
1496,459599,10120
1496,458937,3880
1496,458933,27600
1496,458930,3800
2629,459114,4160
2629,459810,11800
2629,459801,3600
2629,459791,3960
2629,459133,3640
2629,459270,3320
2629,459326,7000
2629,460022,2880
2629,459631,4600
2629,459378,3360
2629,459425,3800
2629,459661,3880
2629,459604,3840
2629,459488,6920
2629,459671,26640
2629,459998,10560
2629,459655,3840
2629,459633,7960
2629,458930,800
2629,458896,8280
1495,459845,3280
1495,459801,10120
1495,459783,7840
1495,459791,4880
1495,459304,30600
1495,459316,7560
1495,459173,2840
1495,459133,10360
1495,459128,10000
1495,459065,11520
1495,459062,15040
1495,459295,12080
1495,459745,7920
1495,459270,7520
1495,459326,3440
1495,459631,7720
1495,459431,3480
1495,459580,128800
1495,459470,3920
1495,459589,20520
1495,459497,17240
1495,459480,3840
1495,459661,86000
1495,459596,3200
1495,459550,22080
1495,459604,3880
1495,459488,21040
1495,459484,10840
1495,459490,40720
1495,459490,271000
1495,459497,20000
1495,459498,191080
1495,459498,75200
1495,459502,84320
1495,459983,6920
1495,459686,2920
1495,458964,4280
1495,459671,3920
1495,458934,11840
1495,458891,3880
1495,458896,3880
1082,459214,4240
1082,459853,31080
1082,459197,3320
1082,459801,37240
1082,459791,116280
1082,459304,3120
1082,459313,39640
1082,459133,3040
1082,459020,8040
1082,459007,4960
1082,459065,3280
1082,459047,6880
1082,459040,19360
1082,459295,10440
1082,459755,3880
1082,459270,14000
1082,459232,8720
1082,459004,2400
1082,459677,7720
1082,460024,8640
1082,460022,4280
1082,459992,3960
1082,459957,3520
1082,459677,6520
1082,459409,3880
1082,459580,10120
1082,459614,3520
1082,459589,241080
1082,459480,25640
1082,459474,3640
1082,459576,6560
1082,459550,9000
1082,459604,23560
1082,459556,5840
1082,459560,2680
1082,460099,3160
1082,459394,12800
1082,459398,3520
1082,459387,2800
1082,459958,3280
1082,459983,10760
1082,459979,28160
1082,459686,11280
1082,459671,22760
1082,459655,16520
1082,459599,54480
1082,458930,29400
1082,458934,2360
1082,458891,4280
2349,459365,3840
2349,459569,3760
2349,459979,4000
799,459791,4720
799,459127,7840
799,459480,7400
799,459661,5640
1592,459791,15240
1592,459136,5600
1592,459127,600
1592,459580,31120
1592,459661,7040
2376,459791,4960
2376,459580,840
2376,459661,3440
2372,459791,2560
2372,459808,11680
2372,459128,5080
2372,459127,5440
2372,459691,2600
2372,459580,56600
2372,459661,1640
2372,459550,11920
2372,459498,8640
1593,458917,19560
1594,459580,2440
1594,459569,11040
1595,459813,7480
1595,459810,49160
1595,459801,8760
1595,459791,17080
1595,459304,17880
1595,459316,3080
1595,459127,4840
1595,459065,3760
1595,459743,3760
1595,459365,3720
1595,460022,8560
1595,459691,3680
1595,459957,3880
1595,459693,7040
1595,459677,7040
1595,459580,129360
1595,459569,4160
1595,459502,3440
1595,459480,5920
1595,459568,2360
1595,459550,1800
1595,459604,3720
1595,459958,6348
1595,459983,3080
1595,459987,3760
2633,459203,7640
2633,459766,7720
2633,459197,1600
2633,459181,3480
2633,459152,800
2633,459787,3560
2633,459810,7488
2633,459801,222754
2633,458987,8000
2633,459316,46000
2633,459314,79405
2633,460117,720
2633,459313,8240
2633,459133,3800
2633,459127,28440
2633,459040,3720
2633,459054,26040
2633,459735,217632
2633,459741,19588
2633,459723,183987
2633,459329,11892
2633,459270,33992
2633,459322,79961
2633,459347,4360
2633,459677,4120
2633,460033,4240
2633,460011,4200
2633,459691,4280
2633,459992,18904
2633,459957,7040
2633,459688,4120
2633,459677,11480
2633,459231,44575
2633,459429,4280
2633,459431,8120
2633,459580,110040
2633,459569,16840
2633,459502,49520
2633,459503,6240
2633,459474,3080
2633,459661,11120
2633,459576,21280
2633,459596,6800
2633,459604,7080
2633,459525,38000
2633,459958,8040
2633,459967,3600
2633,458964,4080
2633,459961,17880
2633,458948,55485
2633,458930,8480
2633,458938,15160
2633,458914,16776
2499,459791,3920
2499,459316,4440
2499,459313,3360
2499,459122,3680
2499,459127,2400
2499,459007,17040
2499,459755,8000
2499,459333,6480
2499,459693,3280
2499,459414,9492
2499,459580,16080
2499,459470,14480
2499,459503,11120
2499,459480,3480
2499,459474,6880
2499,459661,7000
2499,459576,2600
2499,459550,5560
2499,459604,2040
2499,459521,12984
2499,459599,5240
2499,458891,9080
1596,459200,4120
1596,459845,3528
1596,459197,4120
1596,459176,28240
1596,459801,61400
1596,459791,164200
1596,459316,22160
1596,459314,8000
1596,460117,4200
1596,459133,5720
1596,459128,840
1596,459127,117720
1596,459047,4000
1596,459040,26200
1596,459749,3480
1596,459747,14224
1596,459340,11760
1596,459341,5376
1596,459004,3560
1596,460022,149280
1596,459691,10920
1596,459992,6440
1596,459580,225480
1596,459512,6560
1596,459497,280
1596,459497,2000
1596,459508,11920
1596,459576,12800
1596,459484,3920
1596,459490,42160
1596,459497,12880
1596,459498,90680
1596,459983,4320
1596,459686,295520
1596,458930,7320
1596,458891,12000
1596,458890,2400
2385,459801,6480
2385,459791,7480
2385,459128,26400
2385,458970,4080
2385,459688,12600
2385,459580,331600
2385,459502,16240
2396,459316,16640
2396,460118,7560
2396,459313,4320
2396,459127,9920
2396,459017,2440
2396,459740,5004
2396,459356,24596
2396,459270,21052
2396,459333,25048
2396,459677,3560
2396,459691,26360
2396,459480,5480
2396,459576,4640
2396,459556,3640
2396,459686,11680
2396,459961,4440
2396,458948,21400
2396,458930,4120
2396,458914,12840
2599,459888,7560
2599,459813,8160
2599,459176,6348
2599,459810,4320
2599,459801,57720
2599,459316,20720
2599,459314,3600
2599,459158,3920
2599,459133,4040
2599,459127,43692
2599,459270,4440
2599,459341,20120
2599,459347,4000
2599,459333,3760
2599,459332,11600
2599,460011,129972
2599,459694,32520
2599,459992,37368
2599,459412,2520
2599,459419,18672
2599,459409,3920
2599,459416,3720
2599,459580,128104
2599,459569,58136
2599,459502,7640
2599,459661,6080
2599,459604,4080
2599,459526,3000
2599,459671,3600
2599,459961,3720
2599,458930,2480
2599,458891,3000
2399,459203,960
2399,459813,246628
2399,459832,72800
2399,459197,3960
2399,459181,20760
2399,459152,6396
2399,459787,4000
2399,459810,54988
2399,459801,533122
2399,459316,29524
2399,460118,22360
2399,459314,682402
2399,459314,511818
2399,460117,26480
2399,460116,118613
2399,459313,5544
2399,459149,319472
2399,459133,519617
2399,459127,7360
2399,459020,3720
2399,459049,22760
2399,458990,13080
2399,459054,11240
2399,459749,3492
2399,459735,487278
2399,459741,529872
2399,459723,475310
2399,459747,14300
2399,459270,81000
2399,459742,7760
2399,459345,3640
2399,459322,156339
2399,459333,74300
2399,459332,347221
2399,459281,4440
2399,459677,118200
2399,460011,17820
2399,460015,3920
2399,458970,4160
2399,459691,22920
2399,459992,106960
2399,459957,136749
2399,459693,255793
2399,459677,108600
2399,459419,49880
2399,459231,100218
2399,459414,31280
2399,459580,347956
2399,459569,40200
2399,459587,8640
2399,459502,11276
2399,459512,279072
2399,459503,17000
2399,459480,9120
2399,459475,10920
2399,459661,19000
2399,459576,41080
2399,459596,4092
2399,459604,7480
2399,459544,40160
2399,459488,12460
2399,459484,4040
2399,459525,56808
2399,458964,14360
2399,459961,75516
2399,458948,91996
2399,458933,91050
2399,458930,45657
2399,458938,11168
2399,458891,206120
2399,458914,53316
2347,459214,18792
2347,459801,10284
2347,459790,4440
2347,459303,52920
2347,459064,66440
2347,459057,3600
2347,459745,3920
2347,459688,7840
2347,459703,18000
2347,459419,11560
2347,459409,11600
2347,459580,6960
2347,460084,11680
2347,459503,4080
2347,459511,26160
2347,459474,96780
2347,459533,8000
2347,459550,75840
2347,459488,4000
2347,459484,11720
2347,459526,3600
2347,458930,50880
2347,458934,7720
2348,459845,50436
2348,459832,11200
2348,459197,7640
2348,459288,7720
2348,459133,17680
2348,459127,7040
2348,459057,7680
2348,459050,22836
2348,459749,11640
2348,459270,3880
2348,459430,31920
2348,459436,36240
2348,459409,30760
2348,459511,800
2348,458917,3680
1597,459176,2600
1597,459791,27800
1597,459136,32160
1597,459127,4280
1597,460022,3360
1597,459580,56760
1597,459661,17800
1598,459560,7080
2350,459801,3920
2350,459304,13200
2350,458988,5000
2350,459133,2800
2350,459127,6960
2350,459722,7840
2350,459270,3920
2350,459337,19676
2350,459953,85953
2350,460015,3760
2350,459414,6920
2350,459431,8316
2350,459437,3528
2350,459580,10400
2350,459503,64680
2350,459500,2960
2350,459668,2880
2350,459576,3200
2350,459550,5800
2350,459484,30800
2350,459543,3240
2350,459395,800
2350,458930,11000
2350,458891,37640
2350,458890,8480
2375,459791,1720
2375,459580,3280
2398,459791,8000
2398,459127,280
2398,459580,15400
2398,459661,8360
2373,459791,760
2373,459661,10920
1599,459791,29040
1599,458990,2680
1599,459580,77320
1599,459589,95040
1599,459661,4040
1889,460022,7800
1889,459691,3520
1889,459589,31520
1899,459801,4480
1899,459127,2200
1899,459755,4360
1899,459294,3560
1899,459957,14240
1899,459688,3480
1899,459677,3040
1899,459580,3640
2351,459813,3360
2351,459787,4200
2351,459801,171772
2351,458987,11960
2351,459316,117952
2351,459314,23200
2351,459313,5800
2351,460117,4080
2351,460116,9276
2351,459313,17692
2351,459179,3040
2351,459133,23292
2351,459127,66876
2351,459749,3720
2351,459735,11840
2351,459741,62736
2351,459743,19296
2351,459329,38184
2351,459747,48680
2351,459270,52116
2351,459341,22720
2351,459349,4000
2351,459333,72320
2351,459332,72632
2351,459281,8000
2351,460033,54033
2351,460011,83176
2351,459992,49488
2351,459693,3600
2351,459440,30360
2351,459414,24828
2351,459409,43044
2351,459416,15052
2351,459418,12792
2351,459580,94553
2351,459569,10692
2351,459502,25860
2351,459512,82760
2351,459576,16080
2351,459998,3240
2351,459961,33768
2351,458927,10016
2351,458891,35868
2351,458914,8316
2598,459801,6920
2598,459791,7320
2598,459127,9880
2598,459270,3720
2598,459580,3360
2598,459569,3720
2598,459661,5520
2598,459576,3200
2598,459599,3600
2047,459948,800
2047,459791,17840
2047,459127,2040
2047,459047,3920
2047,459270,3960
2047,459580,2880
2047,459661,38280
2047,459484,3920
2048,459791,10120
2048,459133,12800
2048,459127,1000
2048,459743,3600
2048,460022,31200
2048,459580,1160
2048,459661,72440
2597,459801,3200
2597,459791,25840
2597,459133,29424
2597,459127,2200
2597,460022,12000
2597,459631,7640
2597,459409,3400
2597,459580,7160
2597,459521,4392
2049,459270,10880
2049,459418,3800
2049,459512,3800
2637,459845,11000
2637,459801,39204
2637,459133,6520
2637,459047,3560
2637,459735,7120
2637,459336,13992
2637,459332,38760
2637,459328,3516
2637,459439,4040
2637,459414,7056
2637,459431,12936
2637,459437,5880
2637,459409,5720
2637,459411,13840
2637,459596,7120
2637,459525,3520
2050,459813,4160
2050,459853,12280
2050,459781,4000
2050,459801,3920
2050,459791,7800
2050,459316,17240
2050,460118,25720
2050,459133,3880
2050,459127,17884
2050,459755,18560
2050,459747,3840
2050,459270,3760
2050,459232,39320
2050,459332,12080
2050,459004,62880
2050,460036,4788
2050,459992,15496
2050,459408,12100
2050,459419,5196
2050,459580,30204
2050,459502,3520
2050,459480,5280
2050,459576,3920
2050,459604,3480
2050,459488,11160
2050,459560,32240
2050,459525,6000
2050,459526,3400
2050,460099,11680
2050,459387,6160
2050,459655,17360
2050,458934,3920
2050,458890,7920
2051,459214,8000
2051,459082,2520
2051,459853,3800
2051,459832,21520
2051,459181,7560
2051,459112,4000
2051,459152,3720
2051,459791,3760
2051,459791,9880
2051,459316,3120
2051,460118,4200
2051,459158,9880
2051,459133,7160
2051,459127,10080
2051,459020,1600
2051,459065,7600
2051,459062,2400
2051,458989,8560
2051,459009,720
2051,459743,2840
2051,459333,7452
2051,459332,3840
2051,460015,4480
2051,458970,7640
2051,459691,3920
2051,459992,7280
2051,459957,3600
2051,459688,3760
2051,459693,29000
2051,459677,7680
2051,459631,4360
2051,459421,3800
2051,459580,63800
2051,459569,3600
2051,459503,2080
2051,459589,226400
2051,459480,21680
2051,459619,8000
2051,459475,33200
2051,459471,8240
2051,459460,60840
2051,459474,4000
2051,459661,3560
2051,459607,3960
2051,459550,3840
2051,459484,3840
2051,459491,4200
2051,459521,3280
2051,459525,4360
2051,459526,3880
2051,459983,50920
2051,459979,12880
2051,458964,3960
2051,459987,8440
2051,459655,3520
2051,459633,4080
2051,459540,8160
2051,458930,9920
2051,458934,7600
2635,459878,920
2635,459766,3960
2635,459857,4480
2635,459851,3760
2635,459845,11600
2635,459813,26160
2635,459853,5760
2635,459197,3880
2635,459778,4320
2635,459801,104880
2635,459791,3840
2635,459304,11720
2635,459316,87480
2635,460118,16720
2635,459288,4400
2635,459020,76440
2635,459064,15520
2635,459049,3040
2635,459017,3880
2635,459040,3920
2635,459054,8560
2635,459295,30240
2635,458989,3960
2635,459026,3960
2635,459733,3200
2635,459745,3960
2635,459755,17320
2635,459743,10320
2635,459354,100680
2635,459270,24960
2635,459270,4320
2635,459232,11320
2635,459377,8640
2635,459337,3200
2635,459004,10200
2635,460015,4360
2635,459992,49160
2635,459957,3920
2635,459688,4320
2635,459693,38720
2635,459677,15320
2635,459631,25320
2635,459432,19200
2635,459430,7200
2635,459409,8520
2635,459229,8560
2635,459580,39092
2635,459614,3920
2635,459480,6240
2635,459471,4440
2635,459471,2840
2635,459474,17120
2635,459661,8240
2635,459576,76520
2635,459550,3400
2635,459604,47320
2635,459484,22160
2635,459560,7040
2635,459560,10560
2635,459525,12880
2635,460099,6480
2635,459398,3760
2635,459396,4480
2635,459387,6120
2635,459260,13160
2635,459958,7040
2635,459983,16880
2635,459979,7920
2635,459686,10320
2635,459987,4160
2635,459638,3880
2635,459655,31520
2635,459599,95920
2635,459540,16600
2635,458930,6400
2635,458914,4320
2635,458890,8440
2052,459791,16560
2052,459136,19520
2052,459057,3360
2052,459580,34200
2052,459661,5680
2052,459576,3480
2052,459550,6840
2053,459791,2560
2053,459136,12480
2053,459693,220680
2053,459580,10080
2053,459488,14560
2594,459845,6240
2594,459801,3160
2594,459791,30520
2594,459136,14480
2594,459127,10240
2594,460022,1040
2594,459580,50880
2594,459661,6360
2594,459560,3520
2594,458937,4040
2168,459801,17440
2168,459791,3160
2168,459755,3920
2168,459691,3600
2168,459580,5000
2168,459589,1680
2168,459686,2400
2169,459394,7200
2387,458990,2400
2387,459755,3800
2387,459677,5760
2387,459569,6160
2387,459576,2640
2387,459655,20280
2596,459813,18760
2596,459801,36748
2596,459316,29718
2596,459314,113375
2596,459313,2680
2596,459133,7520
2596,459127,14052
2596,459049,3800
2596,459749,28362
2596,459322,3840
2596,459333,209318
2596,459332,7092
2596,460011,26188
2596,459992,7444
2596,459440,3920
2596,459419,129456
2596,459580,34280
2596,459569,19836
2596,459502,6948
2596,459512,427779
2596,459596,8472
2596,459488,23676
2596,459525,30400
2596,459961,15960
2596,458891,19240
2170,459801,55800
2170,459791,28080
2170,459316,12200
2170,459314,2920
2170,459314,6560
2170,459133,27400
2170,459128,96520
2170,459127,46960
2170,459743,3760
2170,459747,18184
2170,459270,12040
2170,459345,7000
2170,459693,7720
2170,459414,3760
2170,459580,980080
2170,459497,150160
2170,459508,115600
2170,459556,4000
2170,459490,17760
2170,459490,158280
2170,459497,2280
2170,459498,74800
2170,459498,126560
2170,459502,62480
2170,459958,6732
2170,459686,59040
2170,459649,45320
2170,458930,1920
2170,458891,26840
2171,459791,1720
2171,459127,840
2171,459580,1360
2171,459661,24080
2636,459316,6600
2636,459580,3240
2636,459661,7400
2636,459576,6680
2636,459550,6320
2636,459604,8360
2636,458934,16360
2377,459948,1080
2377,459801,2760
2377,459791,3960
2377,459304,14040
2377,459133,9360
2377,459295,65520
2377,459741,7160
2377,459745,3600
2377,459270,3360
2377,460043,100
2377,460036,2172
2377,459691,7640
2377,459693,13600
2377,459677,5880
2377,459631,18800
2377,459711,8920
2377,459425,5840
2377,459580,3680
2377,459569,7880
2377,459512,40720
2377,459474,5000
2377,459661,32960
2377,459576,3760
2377,459596,800
2377,459568,2680
2377,459550,51200
2377,459604,2480
2377,459488,14520
2377,459558,4360
2377,459560,7360
2377,459525,6640
2377,459395,40400
2377,458964,7760
2377,459649,3920
2377,459599,22280
2377,458934,17600
2352,459181,3880
2352,459332,3516
2352,459688,3800
2352,459431,5868
2173,459114,3280
2173,459176,2400
2173,459111,3600
2173,459801,233960
2173,459791,69720
2173,459316,3720
2173,459158,816
2173,459136,53200
2173,459133,3640
2173,459128,57960
2173,459127,39120
2173,459040,12800
2173,459363,3280
2173,459270,3040
2173,460033,3720
2173,460022,507640
2173,459688,22040
2173,459693,7280
2173,458959,1240
2173,459409,3000
2173,459580,1234520
2173,459569,4080
2173,459512,3440
2173,459490,55200
2173,459497,149240
2173,459497,26360
2173,459480,3320
2173,459508,151320
2173,459550,7280
2173,459604,9960
2173,459521,1600
2173,459490,29400
2173,459490,16520
2173,459490,328240
2173,459497,143080
2173,459498,259720
2173,459498,255280
2173,459502,104480
2173,459686,40000
2173,459649,7640
2173,459655,8000
2173,459642,3920
2173,458891,4280
2173,458896,3680
2370,459813,11640
2370,459181,3880
2370,459176,128960
2370,459801,26440
2370,459791,3800
2370,459304,4520
2370,459158,6520
2370,459133,17440
2370,459040,17600
2370,460119,7520
2370,459749,4120
2370,459743,3680
2370,459691,3800
2370,459688,7320
2370,459693,12840
2370,459677,134720
2370,459631,7800
2370,459414,3760
2370,459409,13360
2370,459580,37400
2370,459497,2480
2370,459511,3200
2370,459664,6160
2370,459661,6240
2370,459576,44880
2370,459603,46280
2370,459488,3960
2370,459484,4080
2370,459526,3520
2370,459490,76520
2370,459497,13760
2370,459498,24040
2370,459498,33400
2370,459686,92960
2370,459599,9360
2370,458890,20000
2297,459214,2320
2297,459214,2360
2297,459888,7800
2297,459845,800
2297,459191,3960
2297,459114,9880
2297,459181,10080
2297,459801,54640
2297,459791,21920
2297,458988,5160
2297,459316,17600
2297,459158,55760
2297,459173,2800
2297,459133,25876
2297,459128,77080
2297,459127,9960
2297,459020,7600
2297,459066,55120
2297,459007,3560
2297,459049,25000
2297,459047,4240
2297,459745,15000
2297,459270,7480
2297,459376,3680
2297,459365,3440
2297,459294,3280
2297,460033,3480
2297,459952,3640
2297,460022,83516
2297,458970,3880
2297,459694,19480
2297,459691,3960
2297,459992,62120
2297,459693,3200
2297,459677,4000
2297,459631,15200
2297,459378,3360
2297,459711,1276
2297,459703,6680
2297,459432,12760
2297,459440,21440
2297,459414,5800
2297,459436,5720
2297,459409,13280
2297,459580,601880
2297,459569,27520
2297,459587,800
2297,459512,21600
2297,459470,15800
2297,459503,11640
2297,459589,52680
2297,459490,154880
2297,459497,314360
2297,459497,238720
2297,459480,58320
2297,459500,3280
2297,459508,168240
2297,459471,4000
2297,459661,69640
2297,459576,22920
2297,459550,65920
2297,459604,15280
2297,459545,7720
2297,459488,7680
2297,459556,14760
2297,459484,15640
2297,459560,10440
2297,459521,2840
2297,459522,3360
2297,459525,3160
2297,459526,28920
2297,459490,138160
2297,459490,37480
2297,459490,366200
2297,459497,224320
2297,459498,517840
2297,459498,326240
2297,459502,186120
2297,459392,6720
2297,459260,4680
2297,459971,11120
2297,458964,3880
2297,459671,12200
2297,459998,14040
2297,459961,23120
2297,459644,7920
2297,459649,27440
2297,459658,3800
2297,459655,35080
2297,459599,7560
2297,459626,7320
2297,459541,7880
2297,459635,8200
2297,458933,6912
2297,458930,18560
2297,458891,33640
2297,458896,3960
2632,459176,6400
2632,459801,10200
2632,459783,4560
2632,459127,1800
2632,459688,2960
2632,459693,7320
2632,459677,3000
2632,459580,23160
2632,459569,11680
2632,459589,5360
2632,459664,3280
2632,459661,14600
2632,459526,3520
2632,459490,720
2632,459983,20600
2632,459686,1600
2298,459176,12800
2298,459127,800
2298,459040,1600
2298,459580,27840
2298,459589,3000
2298,459661,520
2298,459490,42080
2298,459497,11520
2298,459498,63720
2298,459498,3560
2298,459686,12800
2631,459845,7640
2631,459853,3640
2631,459832,12284
2631,459176,23600
2631,459787,11520
2631,459810,3960
2631,459801,250296
2631,458988,5040
2631,459316,21516
2631,459314,4200
2631,459313,12276
2631,459188,3960
2631,459158,2800
2631,459160,4080
2631,459127,36960
2631,459066,3080
2631,459065,3920
2631,459049,10560
2631,459749,7520
2631,459745,11720
2631,459755,3840
2631,459270,155370
2631,459344,4000
2631,459351,33800
2631,459333,98276
2631,459332,3360
2631,460036,36596
2631,460033,1620
2631,460011,34780
2631,460022,5760
2631,459691,140912
2631,459992,15648
2631,459688,36640
2631,459677,36360
2631,459631,9960
2631,459711,2800
2631,459408,17520
2631,459419,19272
2631,459414,23720
2631,459436,4000
2631,459409,7280
2631,459418,6920
2631,459580,72296
2631,459569,44872
2631,459502,38620
2631,459512,356692
2631,459470,11440
2631,459503,16480
2631,459497,42840
2631,459508,20000
2631,459471,4000
2631,459664,4840
2631,459661,10240
2631,459576,72644
2631,459550,19360
2631,459604,38880
2631,459558,4000
2631,459484,30280
2631,459526,800
2631,459497,3520
2631,459498,147840
2631,459498,47000
2631,459502,30480
2631,459262,1980
2631,459983,24320
2631,459979,4040
2631,459686,3600
2631,459671,3960
2631,459658,19120
2631,459655,3800
2631,459599,3640
2631,458930,21120
2631,458917,3600
2631,458891,3840
2366,459206,11880
2366,459853,10760
2366,459810,28920
2366,459801,19000
2366,459791,9400
2366,460113,27920
2366,460118,3920
2366,459173,11520
2366,459133,6600
2366,459127,198000
2366,459063,7240
2366,459049,18960
2366,459064,2840
2366,459741,11960
2366,459745,3640
2366,459722,8000
2366,459747,3960
2366,459344,4600
2366,459325,8040
2366,459326,7960
2366,459332,8000
2366,459004,4000
2366,459276,3920
2366,460064,5052
2366,460033,7760
2366,459691,7240
2366,459992,18712
2366,459957,24880
2366,459688,7040
2366,459677,33400
2366,459408,3440
2366,459419,10560
2366,459414,3040
2366,459231,3852
2366,459437,3960
2366,459409,51280
2366,459580,41800
2366,459569,38904
2366,459470,3880
2366,459607,66960
2366,459488,4080
2366,459484,51020
2366,459490,49720
2366,459498,15320
2593,459208,15824
2593,459096,11960
2593,459801,63723
2593,459133,61440
2593,459270,15240
2593,460064,1016289
2593,460026,160306
2593,460006,144888
2593,459705,15712
2593,460108,145380
2593,459413,445335
2593,459474,56048
2593,459576,7360
2593,459484,629378
2593,459983,4040
2593,458937,80340
2299,459801,3440
2299,459363,5680
2299,459004,3560
2299,459691,3520
2299,459550,7800
2299,459599,3000
2299,458930,11000
2344,459791,1440
2344,459661,5120
2390,458861,5280
2345,459845,3640
2345,459832,2600
2345,459176,15560
2345,459801,25960
2345,459791,3840
2345,459304,2800
2345,458988,4160
2345,460118,12760
2345,459066,3600
2345,459078,30800
2345,459049,3560
2345,459009,4000
2345,459741,9120
2345,459270,4764
2345,458970,11880
2345,459694,3680
2345,459992,10440
2345,459957,3840
2345,459414,520
2345,459580,3600
2345,459589,2560
2345,459474,51880
2345,459550,7840
2345,459604,2960
2345,459983,4200
2345,459961,13612
2345,459963,3920
2345,459540,4320
2345,458934,3280
2389,459203,920
2389,459857,2640
2389,459832,7000
2389,459197,12200
2389,459787,4400
2389,459801,105432
2389,459304,4040
2389,458988,5080
2389,460113,3880
2389,459158,10600
2389,459133,3960
2389,459127,15160
2389,459066,6040
2389,459049,32200
2389,459295,3000
2389,459009,3920
2389,459030,920
2389,459745,3880
2389,459326,26920
2389,459347,3600
2389,459332,11200
2389,459004,3880
2389,459276,15560
2389,458970,26840
2389,459694,7040
2389,459691,244680
2389,459992,10240
2389,459693,8320
2389,459677,4360
2389,458959,2072
2389,459703,3960
2389,459409,3960
2389,459411,4080
2389,459580,15160
2389,459569,7000
2389,459502,3600
2389,459480,4000
2389,460090,7480
2389,459459,7840
2389,459475,17976
2389,459661,22640
2389,459576,14200
2389,459596,20920
2389,459550,43600
2389,459484,4320
2389,459491,8720
2389,459521,6800
2389,459398,4360
2389,459396,4280
2389,459260,7680
2389,460045,3400
2389,459978,39080
2389,459958,20560
2389,459967,3400
2389,459983,3680
2389,458964,3320
2389,459671,10920
2389,459987,4400
2389,459659,29040
2389,459655,19640
2389,459599,4000
2389,459540,4360
2389,458948,3760
2389,458891,15360
2389,458908,3280
2389,458914,8760
2389,458890,16720
2634,459691,3120
2634,459580,10960
2634,459512,3880
2346,459693,4360
2346,459569,3520
2592,459200,3560
2592,459853,7360
2592,459791,5400
2592,459316,31760
2592,459020,3520
2592,459740,3096
2592,459365,20160
2592,458970,4000
2592,459691,3800
2592,459631,7320
2592,459580,5080
2592,459958,3960
2592,459983,3760
2592,459979,3760
2592,458964,7040
2367,459214,7920
2367,459851,3920
2367,459191,16040
2367,459181,7976
2367,459801,57684
2367,459791,8240
2367,459316,51348
2367,460118,7880
2367,459313,3840
2367,459133,6800
2367,459009,42180
2367,459741,7840
2367,459745,15960
2367,459354,23600
2367,459270,6516
2367,459325,19400
2367,459326,4080
2367,459694,3760
2367,459688,18360
2367,459419,20660
2367,459431,29520
2367,459436,7680
2367,459409,23320
2367,459502,3640
2367,459488,11840
2367,459484,16720
2367,458930,84984
2367,458934,4000
458973,2051,4440
459945,2051,4860
459945,2389,5856
458973,2389,4320
458973,459197,3960
458973,459127,4440
459946,459813,31764
458976,2389,3948
459225,2635,29360
459225,2592,10680
459943,1488,10800
459943,1489,7400
459943,1086,31560
459943,2579,3880
459943,2392,2480
459943,1595,3600
459943,2170,5000
459943,2366,4120
459943,2397,3760
459948,2631,1308
459948,459127,408
459208,2051,73448
459208,2635,13488
459214,1086,3720
459214,2392,3720
459214,2370,3200
459214,2632,3920
459214,1489,3920
459214,1086,4440
459214,2392,7840
459214,2592,14080
459211,1488,15040
459211,1086,27560
459211,2399,3320
459211,2049,3880
459211,2635,28880
459211,2170,3120
459211,2370,10040
459211,2297,3120
459211,2592,18160
459211,458930,2400
459214,1489,800
459920,1086,3040
459920,2372,3040
459920,1594,3040
459920,1595,3040
459920,2350,3040
459920,2049,3040
459920,2370,3040
459931,2350,3720
459933,1488,3840
459933,1489,3360
459933,2368,6520
459933,1086,14160
459933,2394,10000
459933,2399,6760
459933,2170,6720
459933,2631,7080
459212,2368,4640
459212,2051,2000
459082,1082,2600
459891,458930,3840
459889,1488,3000
459889,2170,6000
459889,2173,6000
459207,1086,7840
459203,2592,6640
459878,1489,3920
459878,1086,28600
459878,2637,11560
459878,2635,33380
459878,2170,3560
459878,2370,3400
459878,2631,3800
459878,2366,4120
459878,2592,6800
459766,1487,2800
459766,1086,3920
459766,2399,3560
459766,2370,3720
459766,2297,3680
459766,2632,7200
459857,2297,3360
459199,1487,8320
459199,1490,2840
459199,1497,5480
459199,1086,3520
459199,2388,2800
459199,2392,2760
459199,2591,14040
459199,2589,2840
459199,1598,8400
459199,2580,19560
459199,2598,5680
459199,2597,70800
459199,2594,12640
459199,2298,2800
459200,2373,6000
459200,1594,3920
459200,1597,8000
459200,460026,3920
459769,459430,76960
459769,459686,8000
459845,2297,3920
459845,2632,2360
459845,2631,5120
459845,459787,6690
459813,1488,3760
459813,1489,3400
459813,2633,3360
459813,2396,3840
459813,2599,3440
459813,2350,3400
459813,2050,2200
459813,2596,7160
459813,2370,12280
459813,2389,8976
459813,2367,2920
459813,459946,1320
459813,459176,11520
459811,1591,2960
459811,1086,12920
459811,2392,1600
459811,2369,15160
459811,1595,5800
459811,1597,9760
459811,2598,28960
459811,2594,3000
459811,2377,12120
459811,2297,35760
459811,2631,18440
459811,2592,3000
459811,459801,2920
459811,460044,2840
459776,1489,1880
459776,2366,1880
459853,2348,5040
459853,459888,2560
459853,459260,2520
459832,1487,7840
459832,2368,920
459832,1082,2800
459832,2370,2000
459832,2632,9360
459832,2366,3960
459832,459176,5720
459832,459179,3120
459832,459173,8400
459832,459004,19560
459832,459276,3960
459832,459661,3160
459197,2388,3560
459197,1596,2400
459197,1899,5680
459197,2597,62120
459197,2636,9240
459197,2173,9600
459197,2631,47280
459197,2592,3760
459197,459580,6288
459828,1594,3920
459828,2396,7600
459181,1085,2720
459181,799,5440
459181,1592,10880
459181,1597,5440
459181,2052,2720
459181,2299,2720
459162,2051,214640
459176,1488,3200
459176,1487,2480
459176,1490,800
459176,1489,2400
459176,2368,6960
459176,1086,20720
459176,2371,3200
459176,2369,6400
459176,1496,800
459176,1596,1600
459176,2348,4960
459176,1597,2720
459176,2350,800
459176,2384,2720
459176,2049,800
459176,2635,15160
459176,2053,3800
459176,2173,4800
459176,2297,79560
459176,2298,800
459176,2366,10960
459176,2389,3200
459176,459813,28616
459176,459832,5640
459176,459173,3000
459176,459414,1040
459176,459512,6920
459176,458930,2480
459111,1491,2720
459111,2590,10320
459111,1085,2560
459111,799,2720
459111,1592,76160
459111,1595,8160
459111,1597,40120
459111,1598,2720
459111,2373,5280
459111,1898,2760
459111,2052,2720
459111,2053,5240
459111,2299,8160
459111,2344,2720
459112,799,2520
458981,1488,4400
458981,1596,4480
459787,458934,15576
459810,1488,5280
459810,1491,7280
459810,1084,16680
459810,2590,7040
459810,1085,7240
459810,2368,3840
459810,1086,47040
459810,2392,3880
459810,1592,5600
459810,1596,6920
459810,1597,7440
459810,1598,13240
459810,2594,6480
459810,2170,42640
459810,2173,30000
459810,2298,5240
459810,2391,17960
459801,1589,5320
459801,1488,7560
459801,1489,6240
459801,1087,7520
459801,1497,2840
459801,1491,2880
459801,2590,5840
459801,1085,188480
459801,2368,3800
459801,1086,1279160
459801,2392,3920
459801,2369,178560
459801,2589,67640
459801,799,8480
459801,1592,13400
459801,1595,3120
459801,1596,26400
459801,2385,12000
459801,2599,3960
459801,2399,3920
459801,2348,12520
459801,2393,5720
459801,1597,14000
459801,2350,4080
459801,1899,5240
459801,2597,5240
459801,2051,11160
459801,2635,1200
459801,2594,10240
459801,2170,65680
459801,2173,333800
459801,2297,48520
459801,2631,3560
459801,2366,4080
459801,2345,4584
459801,2389,24452
459801,459888,11520
459801,459813,4000
459801,459811,6160
459801,459112,3680
459801,459810,800
459801,459297,4080
459801,459314,8040
459801,459133,2960
459801,459064,6120
459801,459040,3880
459801,459270,27800
459801,459267,9760
459801,459332,11720
459801,459328,36984
459801,459004,3920
459801,460024,30000
459801,459569,2160
459801,459661,11280
459801,459576,51640
459801,459604,11640
459801,459484,1640
459801,458933,3120
459801,458934,7680
458992,1085,3760
458992,2369,5040
458992,1596,3160
458992,1597,7360
458992,2597,7480
458992,2173,11160
459774,1497,3000
459774,1491,2960
459774,1592,3360
459774,1595,3280
459774,2393,6560
459774,1597,13280
459774,1598,6640
459774,2373,13280
459774,2053,2960
459774,2594,2960
459791,1488,11440
459791,1487,11840
459791,1490,76400
459791,1497,8080
459791,1491,26680
459791,1492,1680
459791,1084,38280
459791,2590,3600
459791,1085,30080
459791,2630,840
459791,1086,928160
459791,2371,61200
459791,2579,5280
459791,1495,11800
459791,1082,126160
459791,799,59560
459791,1592,24760
459791,2376,7400
459791,2372,4760
459791,1596,59240
459791,2599,4680
459791,2348,3920
459791,1597,105160
459791,2375,1600
459791,2398,24320
459791,2373,8480
459791,1599,35440
459791,2598,2400
459791,2047,15000
459791,2048,8440
459791,2597,6800
459791,2052,26520
459791,2053,800
459791,2594,38240
459791,2170,36840
459791,2173,189920
459791,2297,37600
459791,2298,12960
459791,2366,8040
459791,2344,10000
459791,459147,3720
459791,459589,720
459304,1591,9200
459304,1084,3400
459304,2579,17320
459304,2594,2880
459304,2173,6120
459304,459703,3600
458987,1497,16000
458987,2599,4480
458987,2597,6400
458987,2594,4600
458987,2636,34680
458987,2173,12560
458987,459176,2840
458988,2173,4080
459315,2052,2520
459315,2592,14200
459316,1589,3240
459316,1489,3840
459316,1497,3080
459316,2590,6360
459316,1085,23640
459316,2630,3720
459316,1086,12680
459316,2579,6280
459316,2392,2760
459316,2369,6400
459316,1495,2400
459316,1592,9840
459316,2376,3600
459316,2633,5240
459316,2396,7000
459316,2399,3280
459316,1597,10520
459316,2375,3840
459316,2398,3920
459316,2384,11000
459316,2580,26080
459316,1599,3320
459316,2598,3360
459316,2597,5400
459316,2635,9720
459316,2053,3880
459316,2594,30400
459316,2170,3720
459316,2636,6520
459316,2173,9520
459316,2370,6080
459316,2297,3320
459316,2631,5280
459316,2391,15320
459316,2345,6480
459316,2592,59440
459316,459791,920
460118,1491,3680
460118,1492,13640
460118,1085,3040
460118,1086,60160
460118,2579,3880
460118,2591,16600
460118,1592,3240
460118,1595,2240
460118,1597,7320
460118,2375,3840
460118,2384,3640
460118,1898,9960
460118,2598,3840
460118,2170,6400
460118,2173,16000
460118,2370,2120
459316,1589,69680
459316,1489,5840
459316,2590,44560
459316,1085,3000
459316,1086,139880
459316,2369,93960
459316,1597,35360
459316,1598,9080
459316,2594,181920
459316,2173,72680
459314,1592,18720
459314,2632,3000
459314,2592,21840
459297,2590,5080
459297,2173,2480
459297,2592,2240
460117,2370,3560
459318,2596,18720
459158,1488,9800
459158,1489,23160
459158,1087,3640
459158,1086,33080
459158,2371,46120
459158,1082,3400
459158,1596,2800
459158,2051,26200
459158,2297,2480
459158,2366,41240
459158,2593,6756
459158,2389,41080
459158,459197,3200
459158,459133,2600
459158,459358,3200
459158,459693,299320
459158,459711,9440
459158,459436,10880
459158,459409,26600
459158,460090,3800
459158,459550,7440
459158,458933,3200
459184,2368,7760
459184,2367,11640
459165,2589,11232
459179,1591,3640
459179,1488,11800
459179,1487,5920
459179,2348,14360
459179,2297,48160
459179,2366,2880
459179,2345,9080
459179,459832,6040
459179,459801,9040
459179,459414,11600
459179,459503,3000
459179,458891,2124
459168,2389,3200
459168,459358,3200
459168,460070,6240
459173,1488,11200
459173,1487,58800
459173,1082,5600
459173,2350,24160
459173,2051,8080
459173,2297,2800
459173,2366,30160
459173,2345,8400
459173,2389,6800
459173,459832,16800
459173,459745,3800
459173,458959,184320
459173,459502,3200
459173,459512,5600
459173,459480,4000
459147,1086,43720
459147,1596,21200
459147,2051,2600
459147,2346,7600
459147,459576,4000
459149,2633,800
459149,459176,3000
459149,459414,3000
459150,2051,5960
459150,2366,15000
459150,459832,1600
459150,459176,3000
459150,459179,24000
459150,459173,9000
459150,459133,6000
459150,459412,18000
459150,459414,15000
459136,1497,10960
459136,1085,1200
459136,1086,87040
459136,2369,16640
459136,799,10400
459136,1592,20560
459136,2376,3200
459136,1597,21840
459136,2350,30160
459136,2052,7200
459136,2594,1200
459136,2173,64560
459133,1589,14400
459133,1590,3720
459133,1488,56416
459133,1487,3800
459133,1489,23200
459133,1497,6840
459133,1491,4000
459133,1084,5920
459133,1086,75992
459133,2392,11440
459133,2369,6400
459133,2591,3200
459133,1496,3320
459133,1595,11920
459133,2633,920
459133,1596,5760
459133,2385,3680
459133,2399,3840
459133,2348,2220
459133,1597,3040
459133,2350,9080
459133,2047,9400
459133,2597,12800
459133,2050,37416
459133,2635,9000
459133,2053,3800
459133,2168,25920
459133,2377,6480
459133,2173,11240
459133,2297,18000
459133,2631,3120
459133,2366,15040
459133,2345,3600
459133,2389,10240
459133,2592,12640
459133,459214,2480
459133,460033,4960
459133,459693,3880
459133,459412,5000
459133,459414,6300
459133,459512,3320
459133,459556,800
459133,459521,70428
459133,459649,3720
459133,459599,800
459133,458891,2848
459122,1086,3384
459122,2579,3480
459122,2595,3520
459122,2347,11440
459122,2597,3800
459122,2346,3240
459128,1085,920
459128,1086,56640
459128,2369,12120
459128,2170,7800
459128,2173,800
459128,2370,120
459128,2297,62520
459127,1490,27520
459127,1489,149960
459127,1497,1600
459127,1491,8800
459127,1084,10960
459127,1085,6080
459127,2630,1280
459127,1086,129600
459127,2371,19040
459127,2579,1600
459127,1083,440
459127,2392,9280
459127,799,5520
459127,1592,6040
459127,2372,1520
459127,1595,3920
459127,1596,13400
459127,1597,17920
459127,2373,520
459127,1599,10720
459127,2598,1200
459127,2047,1680
459127,2048,160
459127,2051,21400
459127,2052,3200
459127,2594,3520
459127,2168,800
459127,2170,30520
459127,2171,840
459127,2173,5440
459127,2370,2520
459127,2297,45320
459127,2632,4280
459127,2298,20520
459127,2631,7360
459127,2366,279160
459127,2344,2200
459127,2345,55480
459127,2389,12840
459127,2367,3960
459127,459057,3660
459127,459490,7560
458978,2368,1440
458978,2298,3960
458978,2366,440
459020,2635,5600
459008,2394,7720
459008,2389,4080
459008,459214,27120
459008,459214,800
459065,1087,3600
459065,1086,13600
459065,1595,2400
459065,1596,8800
459065,2050,2560
459065,2051,3680
459065,2632,10400
459065,459992,3720
459062,459208,1980
459064,1488,22480
459064,1084,4280
459064,2368,7840
459064,1086,2760
459064,1082,11560
459064,1595,3120
459064,2599,15800
459064,2373,10240
459064,2047,7600
459064,2050,12440
459064,2051,11480
459064,2635,6680
459064,2631,1800
459064,2366,920
459064,2389,15600
459064,459409,4000
459064,459576,6600
459064,459560,7120
459047,1490,4000
459047,1489,800
459047,1086,31200
459047,2371,6400
459047,2369,4800
459047,1082,11200
459047,2051,3200
459047,2297,13600
459047,2366,800
459049,2370,2640
459049,2632,15680
458990,2368,4800
458990,2635,4000
458990,2370,7160
458990,2593,96700
459040,2369,800
459040,1595,800
459040,2385,800
459040,2171,800
459040,2366,800
459040,2345,800
459057,1087,800
459057,2372,3560
459057,2297,3480
459057,2366,2400
459005,460026,5334
459030,1596,2360
459030,2373,680
459030,2047,2360
459741,2633,7120
459741,2632,3000
459741,2631,3000
459741,2592,5040
459741,459569,4320
459759,2173,2400
459759,458992,1800
459743,2633,1160
459743,2048,760
459743,2594,3280
459743,2171,2720
459743,2297,840
459743,2632,30000
459743,2631,3000
459743,2592,1560
459724,2370,6000
459723,2371,3960
459354,2590,2720
459354,2051,2600
459354,2635,12000
459270,1086,488980
459270,2392,10428
459270,1594,3880
459270,2396,70280
459270,1597,400
459270,2051,11200
459270,2370,7360
459270,2632,6960
459270,2631,7960
459270,459127,28800
459270,459741,3760
459270,459345,7720
459270,459328,6400
459270,459580,15948
459376,2396,5400
459376,2594,7600
459742,2298,4800
459340,1594,3880
459340,2594,3840
459345,1085,2280
459345,1086,3840
459345,2173,3040
459341,1591,8440
459341,1084,3520
459341,2579,7800
459341,2173,3560
459341,2631,5528
459326,2597,2360
459326,2594,11600
459326,2636,35560
459326,2173,29240
459326,2370,3680
459358,1492,3640
459358,1085,3360
459358,1086,21800
459358,2388,3320
459358,799,3680
459358,2372,3640
459358,2385,6440
459358,1597,2880
459358,1889,7280
459358,2047,3720
459358,2597,3040
459358,2594,6520
459358,2173,13680
459358,2298,2640
459331,1086,5920
459331,1083,55000
459331,2388,2960
459331,2392,21280
459331,1592,12000
459331,2597,21240
459331,2636,3000
459331,2592,5960
459322,459735,4464
459365,2173,2560
459351,1490,3040
459267,2370,3160
459309,2597,7160
459309,2173,1800
459310,1487,2520
459310,1490,1520
459310,1085,8400
459310,1086,14600
459310,1083,10600
459310,2388,5720
459310,2392,10240
459310,2394,14040
459310,2591,55160
459310,2589,43600
459310,1498,2800
459310,1593,17200
459310,2396,5040
459310,1597,2520
459310,1598,40400
459310,2580,29840
459310,2598,7720
459310,2597,14080
459310,2594,13800
459310,2169,11840
459310,2636,5720
459310,2173,5160
459310,2366,3000
459310,2593,15240
459310,2592,3600
459290,459304,17624
459290,459017,241880
459290,459057,151964
459290,459073,12132
459290,459009,531860
459294,1489,3600
459294,1084,3600
459294,1085,10880
459294,1086,6680
459294,1592,7320
459294,1596,3040
459294,2385,3640
459294,1597,3600
459294,2373,3040
459294,2298,3560
459294,2391,3600
459337,459580,3400
459330,1591,14160
459330,2579,3360
459330,2396,3560
459330,2594,3560
459330,2173,3560
459330,2632,3520
459332,1497,3840
459332,1085,8360
459332,2579,11800
459332,2388,3000
459332,2396,3040
459332,2636,3040
459332,2173,12960
459332,459314,23254
459328,1497,6080
459328,1083,11000
459328,2388,3800
459328,2051,4360
459328,2297,7680
459328,2592,800
459328,459336,4040
459004,459576,6720
459284,459512,612192
460064,1084,17760
460064,2590,8800
460064,2386,4360
460064,1086,8160
460064,1082,8680
460064,2350,3600
460064,2051,11760
460064,2173,22120
460064,2370,109508
460064,459791,22120
460064,459345,48720
460064,459484,270999
460064,458930,3960
458957,1488,11680
458957,2386,3760
458957,2371,3920
458957,1596,15720
458957,2385,25760
458957,2370,68320
458957,2366,8680
458957,459484,84988
460036,1591,11004
460036,2630,4545
460036,2394,2787
460036,2591,4494
460036,2631,45988
460036,2345,27184
460041,2385,11800
460033,1487,8384
460033,2392,11748
460033,2347,920
460033,2377,25884
460033,2593,920
460033,458959,1240
460033,459431,12400
460033,459480,920
460046,2599,3840
460046,2351,7640
460046,2352,3840
460046,2389,19120
460046,459801,7720
459953,1488,53920
459953,2366,4400
459953,459832,4880
459953,459801,74320
460026,1488,169296
460026,1086,3468
460026,459811,290508
460026,459133,177456
460026,459065,10848
460026,459009,66112
460026,458934,52184
460024,459801,3960
460006,2637,800
460006,2173,3880
460006,2344,3720
460006,459801,11480
460006,459316,65960
460006,459326,8840
460011,459801,11608
460022,1086,1415960
460022,2369,247760
460022,1595,3840
460022,1596,162080
460022,2385,1840
460022,2049,920
460022,2171,2760
460022,2173,508120
460022,2297,920
460022,459314,4200
459694,1489,7640
459694,2388,10680
459694,2394,2680
459694,2385,3960
459694,1597,3760
459694,2345,14920
459694,459568,2960
459694,459550,3040
459691,1589,14400
459691,1490,1600
459691,2051,3200
459691,2594,4080
459691,2173,11680
459691,2297,11840
459691,2631,3880
459691,2389,31760
459992,1487,920
459992,2347,19600
459992,2051,26040
459992,2345,6720
459992,459176,3680
459992,460006,960
459992,460022,14360
459992,459694,3520
459992,459691,17880
459992,459631,4000
459992,459718,920
459992,458959,40488
459992,459569,3880
459992,460084,3360
459992,459512,3200
459992,459480,3320
459992,459474,3600
459992,459471,3760
459992,459661,27240
459992,459596,3320
459992,459533,27000
459992,459484,1840
459992,459491,2240
459992,459526,15640
459992,459983,3160
459992,459644,4000
459992,458891,1440
459992,458890,3840
459957,2297,3840
459688,2385,920
459688,459703,3920
459693,1591,5840
459693,1488,86148
459693,1489,23600
459693,1087,18408
459693,1086,6680
459693,2369,3760
459693,2394,22440
459693,1082,23920
459693,1595,29460
459693,2499,14316
459693,1596,7640
459693,2399,4080
459693,2350,9756
459693,2637,16512
459693,2051,31812
459693,2173,43116
459693,2297,130996
459693,2631,4500
459693,2366,13800
459693,2593,37580
459693,2389,7360
459693,459801,13720
459693,459158,3444
459693,459743,3720
459677,1488,2320
459677,2385,9920
459677,2594,2560
459677,2173,3040
459677,2298,3040
459677,459304,49160
459677,459295,16720
459677,459580,4400
459677,459550,2720
459677,458934,2760
459705,1488,71292
458959,1591,8760
458959,1487,8440
458959,2590,8800
458959,1085,26320
458959,2386,8720
458959,1086,90320
458959,2579,8760
458959,1083,11880
458959,2369,17520
458959,2394,15720
458959,2589,4400
458959,2633,3920
458959,1599,8880
458959,2598,26480
458959,2047,4280
458959,2597,25160
458959,2387,4440
458959,2377,18980
458959,2352,7800
458959,2173,21320
458959,2370,20200
458959,2297,25440
458959,2631,55920
458959,460033,14132
458959,459502,292356
458959,458891,11960
459703,1089,7720
459703,1495,920
459703,2297,920
459703,459049,19400
460108,2368,14960
460108,2347,136652
460108,459801,153556
460108,459992,172092
459425,1497,7080
459425,2386,3520
459425,1083,3560
459425,2388,3720
459425,2591,7160
459425,2589,7880
459425,2499,23080
459425,1597,7120
459425,2051,3360
459425,2169,7000
459425,2173,3840
459425,2297,22000
459425,2298,3560
459425,2631,7120
459425,2389,3520
459440,2297,4080
459440,459409,520
459430,1489,37480
459430,2051,3600
459430,2173,15840
459430,2366,3880
459430,2345,29160
459412,1487,2480
459412,2051,3564
459412,2635,2520
459412,2366,8640
459412,2389,5136
459412,459214,2520
459412,459214,2560
459412,459214,2480
459412,459888,2640
459412,459181,5200
459412,459179,50804
459412,459173,5840
459412,459004,2480
459412,460033,5040
459412,459521,3384
459412,459526,2920
459412,458930,7840
459412,458891,11944
459411,1487,1600
459411,1083,11960
459411,2388,14920
459411,2396,3760
459411,2373,3000
459411,2597,3320
459411,2636,14880
459411,2631,1600
459439,1086,133464
459434,1086,282088
459414,1488,51760
459414,2599,5840
459414,1597,5880
459414,2351,5840
459414,2366,29320
459414,2389,5840
459414,459813,2920
459414,459176,11840
459414,459179,23400
459414,459133,20640
459414,459512,2960
459414,459503,20720
459414,459500,2960
459414,459521,8840
459414,459526,67480
459414,458891,29088
459231,2384,2320
459231,2597,2520
459414,2599,7840
459429,1592,4880
459429,2052,2440
459431,2051,7200
459437,1086,5040
459437,1592,2520
459437,2372,5280
459437,2375,2640
459437,2592,2520
459409,2368,4600
459409,1086,3840
459409,2589,12160
459409,1592,11680
459409,2396,11520
459409,1598,8760
459409,2384,5840
459409,2597,5520
459409,2391,2120
459409,459133,3720
459409,459436,3880
459239,1487,49700
459239,2347,8280
459239,2348,10800
459239,2298,45336
459239,459208,3600
459239,459801,920
459580,1589,101440
459580,1490,372960
459580,1489,72360
459580,1491,1160
459580,1085,842840
459580,1086,3792000
459580,2371,283800
459580,2579,28280
459580,1083,7720
459580,2369,426360
459580,2394,7200
459580,1495,92480
459580,799,60840
459580,1592,62400
459580,2376,9880
459580,2372,33600
459580,1595,22920
459580,2499,3600
459580,1596,324840
459580,2385,184280
459580,2399,4480
459580,1597,97400
459580,2350,37720
459580,2375,1200
459580,2398,21160
459580,2373,41560
459580,2598,2000
459580,2047,1360
459580,2050,15040
459580,2052,21080
459580,2053,6000
459580,2594,53160
459580,2170,770960
459580,2352,3240
459580,2173,1249600
459580,2370,119160
459580,2297,365000
459580,2631,2280
459580,2366,9640
459580,2344,520
459580,2389,3720
459580,459176,3200
459580,459337,6600
459580,459677,3660
459580,459596,3200
459580,459498,1840
459569,1489,19120
459569,2637,15280
459569,2050,49880
459569,2173,3760
459569,2370,10640
459569,2631,15440
459569,2345,7640
459477,1488,4920
459477,2051,11560
459477,2366,8760
459477,459181,7440
459477,459179,2960
459477,459133,8440
459477,459503,5960
459477,459526,2960
459502,2173,2760
459502,459693,1120639
459512,2352,2800
459512,2631,10840
459512,459992,3160
459512,459414,12240
459512,459503,39560
459512,459521,2960
459470,2593,1840
459503,1490,15600
459503,1489,9040
459503,1086,64520
459503,2371,3200
459503,2392,800
459503,2369,22440
459503,1595,7880
459503,2348,3840
459503,2350,5000
459503,2049,12480
459503,2051,25240
459503,2171,440
459503,2173,51400
459503,2370,800
459503,2297,42880
459503,2298,800
459503,2592,3400
459503,459179,8784
459503,459049,7160
459503,459580,5400
459503,459480,5960
459589,1490,24000
459589,1497,102800
459589,1491,49760
459589,1492,10480
459589,1084,25160
459589,2590,3600
459589,1085,164040
459589,2630,1080
459589,1495,74520
459589,1082,216560
459589,1599,69400
459589,1889,400
459589,2051,354440
459589,2168,3880
459589,2173,46720
459589,2297,121640
459589,2632,13240
459589,2298,33560
459589,2631,840
459589,2345,164680
459490,1490,61640
459490,1086,217920
459490,2371,6080
459490,2369,7400
459490,1495,9800
459490,1596,840
459490,2385,1080
459490,2173,98960
459490,2370,960
459490,2297,52360
459490,2366,200
459497,1490,94600
459497,1086,616520
459497,2371,8560
459497,2579,63960
459497,2369,36280
459497,1495,8360
459497,2385,11400
459497,2170,125280
459497,2173,336680
459497,2370,1480
459497,2297,146560
459497,1490,96880
459497,1086,10400
459497,1082,82200
459497,2173,146760
459497,2297,32960
459511,2579,3120
459511,2594,2200
459480,1487,57640
459480,1595,4000
459480,1596,4000
459480,2051,28784
459480,2297,11920
459480,459801,8000
459480,459759,1720
459480,460022,8000
459480,459992,25916
459508,1589,9680
459508,1490,76960
459508,1086,326560
459508,2579,56640
459508,2369,104240
459508,1495,17960
459508,1596,8640
459508,2385,38560
459508,2170,90640
459508,2173,308800
459508,2370,33800
459508,2297,143560
459471,2579,800
459471,2388,800
459471,2394,5600
459471,1495,1600
459475,1489,3360
459664,1497,2320
459664,2595,3040
459664,2591,13000
459664,1498,16560
459664,2173,5840
459661,1497,400
459661,1491,16320
459661,1085,8200
459661,1086,892960
459661,2388,600
459661,1495,100360
459661,1592,40680
459661,2376,840
459661,2399,7920
459661,1597,198080
459661,2375,1600
459661,2398,3280
459661,2373,800
459661,1599,1560
459661,2598,4800
459661,2047,37720
459661,2048,49360
459661,2597,400
459661,2050,5040
459661,2051,3480
459661,2052,63680
459661,2594,100120
459661,2171,19680
459661,2370,6600
459661,2297,39320
459661,2632,1240
459661,2298,1000
459661,2344,2440
459661,458930,3280
459576,1489,7440
459576,1086,3000
459576,2394,16920
459576,2637,1600
459576,2173,7400
459576,2370,42920
459576,2631,3440
459603,2632,8480
459545,2632,5440
459488,1086,2400
459488,2051,7400
459488,2366,3960
459488,2389,7560
459558,2348,10080
459558,2366,400
459558,2593,19640
459558,459853,5652
459558,459992,6432
459484,1488,12088
459484,1489,20800
459484,2599,3760
459484,2347,15068
459484,2350,7200
459484,2635,1360
459484,2377,22680
459484,2173,39200
459484,2389,41628
459484,459580,3720
459484,459488,7520
459484,459541,11200
459560,1084,3520
459560,1085,7800
459560,1596,3920
459560,1597,7680
459560,2053,11240
459521,1086,6232
459521,2348,9424
459521,2173,3936
459521,2297,2292
459521,2389,9512
459521,459766,8064
459521,459133,4272
459521,460033,12440
459521,459694,8784
459521,458891,9720
459522,2051,2400
459526,1488,10080
459526,1487,55120
459526,1489,7720
459526,1086,3040
459526,2599,5920
459526,2348,2560
459526,2352,3880
459526,2297,10720
459526,2632,8280
459526,2631,24040
459526,2389,6880
459526,459316,5160
459526,459412,17520
459526,459414,51600
459526,459436,8240
459526,459521,8760
459526,459655,3840
459526,458930,2560
459526,458891,27640
459490,1490,54640
459490,1085,1320
459490,1086,192600
459490,2371,28360
459490,2579,37480
459490,2392,880
459490,2369,880
459490,1495,23800
459490,1082,22840
459490,1596,35400
459490,2385,600
459490,2170,31840
459490,2173,55280
459490,2297,38160
459490,1085,2840
459490,1086,98000
459490,2369,24640
459490,1596,3160
459490,2385,8960
459490,2170,22840
459490,2173,33080
459490,2297,19520
459490,1490,359760
459490,1489,60040
459490,1086,491840
459490,2579,84160
459490,2392,141680
459490,1495,401400
459490,1082,277520
459490,2372,6320
459490,2170,48080
459490,2173,368480
459490,2370,240400
459490,2297,455880
459490,2632,17440
459490,2298,123360
459490,2366,73040
459490,459127,15920
459490,1589,12640
459490,1085,15600
459490,1086,223160
459490,2369,20600
459490,2170,164320
459490,2173,102120
459490,2297,42400
459497,1490,144280
459497,1489,640
459497,1086,412600
459497,2369,63480
459497,1495,4560
459497,1082,241520
459497,1596,10440
459497,2385,31240
459497,2170,44320
459497,2173,224880
459497,2370,69800
459497,2297,151440
459497,2298,5160
459498,1589,7640
459498,1490,281320
459498,1489,76400
459498,1085,48920
459498,1086,586320
459498,2371,6000
459498,2579,35640
459498,2392,18560
459498,2369,20520
459498,1495,76360
459498,1596,10880
459498,2170,69960
459498,2173,232120
459498,2370,134520
459498,2297,231720
459498,2298,27520
459498,2366,5440
459498,1589,720
459498,1085,19120
459498,1086,1004280
459498,2369,109400
459498,1495,21560
459498,1596,20600
459498,2385,31520
459498,2170,204120
459498,2173,392080
459498,2370,22160
459498,2297,491480
459498,2298,23280
459502,1085,13520
459502,1086,698600
459502,2369,154160
459502,1596,16400
459502,2385,52360
459502,2170,187160
459502,2173,173160
459502,2297,205560
459392,1086,800
459395,2591,2520
459395,1596,2640
459395,2373,7920
459395,2048,5520
459395,2389,2320
459394,2051,6760
459394,2173,2400
459394,2297,800
459394,2298,800
459260,2384,3000
459260,2636,8720
459260,459257,6440
459262,459480,3512
459257,1087,1800
459257,1086,2000
459257,2371,4000
459257,2633,2160
459257,2385,4360
459257,2399,4000
459257,2636,1600
459257,2297,1800
459257,2366,2080
459959,459525,1006400
459686,1489,13920
459686,2345,3840
459681,1489,24360
459681,2051,89600
459599,2635,7200
458937,1488,29004
458937,2170,12228
458937,2352,39496
458937,2631,3920
458937,459810,15880
458937,459576,3960
458932,2392,41580
458929,2346,920
458927,1488,15088
458927,2392,15888
458927,2352,10144
458930,1491,2760
458930,2399,3640
458930,2352,7880
458930,459200,10080
458930,459133,3480
458930,459743,3520
458934,2370,7120
458934,458930,31520
458917,1488,3560
458917,2579,4995
458917,2592,2160
458917,458983,5220
458917,459057,3680
458917,459270,3760
458917,459260,3760
458891,1589,4000
458891,1497,2400
458891,1491,1600
458891,1084,800
458891,1086,48800
458891,2369,16800
458891,2591,2560
458891,1595,3200
458891,1596,14400
458891,2350,800
458891,2597,800
458891,2170,7200
458891,2173,84000
458891,2297,27200
458891,2345,6400
458891,459316,2096
458896,1487,48600
458896,2370,2600
